title,theme_badge,quality_badge,duration_nights,departure_port,sailing_to,price_usd,price_inr,num_dates,cta_link,scroll_step
3-Night Cruise from Singapore,None,Guaranteed with Restrictions,3,Singapore,Not shown on card,Not shown on card,"₹1,09,956 INR",64,#,1
4-Night Cruise from Singapore,None,Guaranteed with Restrictions,4,Singapore,Not shown on card,Not shown on card,"₹1,32,920 INR",38,#,1
4-Night Langkawi Cruise from Singapore,None,None,4,Singapore,"Langkawi, Malaysia",Not shown on card,"₹1,47,692 INR",27,#,1
3-Night Baja Cruise from San Diego,None,Guaranteed with Restrictions,3,San Diego,"Ensenada, Mexico",Not shown on card,"₹1,18,303 INR",21,#,1
4-Night Baja Cruise from San Diego,None,Guaranteed with Restrictions,4,San Diego,"Ensenada, Mexico",Not shown on card,"₹1,24,776 INR",9,#,1
3-Night Baja Cruise from San Diego,Very Merrytime,Guaranteed with Restrictions,3,San Diego,"Ensenada, Mexico",Not shown on card,"₹1,29,140 INR",4,#,2
3-Night Baja Cruise from San Diego,None,Guaranteed with Restrictions,3,San Diego,"Catalina Island, California | Ensenada, Mexico",Not shown on card,"₹1,31,479 INR",3,#,2
4-Night Baja Cruise from San Diego,None,Guaranteed with Restrictions,4,San Diego,"Catalina Island, California | Ensenada, Mexico",Not shown on card,"₹1,39,377 INR",18,#,2
3-Night Bahamian Cruise from Fort Lauderdale,None,Guaranteed with Restrictions,3,Fort Lauderdale,Disney Lookout Cay at Lighthouse Point,Not shown on card,"₹1,40,402 INR",3,#,2
4-Night Baja Cruise from San Diego,Very Merrytime,Guaranteed with Restrictions,4,San Diego,"Ensenada, Mexico",Not shown on card,"₹1,46,093 INR",1,#,2
3-Night Bahamian Cruise from Fort Lauderdale,Very Merrytime,Guaranteed with Restrictions,3,Fort Lauderdale,"Disney Lookout Cay at Lighthouse Point | Nassau, Bahamas",Not shown on card,"₹1,47,763 INR",9,#,2
4-Night Baja Cruise from San Diego,Very Merrytime,Guaranteed with Restrictions,4,San Diego,"Catalina Island, California | Ensenada, Mexico",Not shown on card,"₹1,48,863 INR",6,#,2
4-Night Baja Cruise from San Diego,Halloween on the High Seas,Guaranteed with Restrictions,4,San Diego,"Ensenada, Mexico",Not shown on card,"₹1,49,175 INR",1,#,2
3-Night Baja Cruise from San Diego,Halloween on the High Seas,Guaranteed with Restrictions,3,San Diego,"Ensenada, Mexico",Not shown on card,"₹1,53,992 INR",8,#,2
4-Night Pacific Coast Cruise from San Diego ending in Vancouver,One-Way Cruise,None,4,San Diego,"Vancouver (British Columbia), Canada",Not shown on card,"₹1,59,577 INR",3,#,2
3-Night Bahamian Cruise from Fort Lauderdale,None,None,3,Fort Lauderdale,"Disney Lookout Cay at Lighthouse Point | Nassau, Bahamas",Not shown on card,"₹1,59,983 INR",26,#,2
4-Night Pacific Coast Cruise from Vancouver ending in San Diego,One-Way Cruise,None,4,Vancouver,"San Diego, California",Not shown on card,"₹1,65,279 INR",2,#,2
4-Night Western Caribbean Cruise from Galveston,Very Merrytime,Guaranteed with Restrictions,4,Galveston,"Progreso, Mexico",Not shown on card,"₹1,65,871 INR",5,#,2
5-Night Mexican Riviera Cruise from San Diego,Halloween on the High Seas,Guaranteed with Restrictions,5,San Diego,"Cabo San Lucas, Mexico | Ensenada, Mexico",Not shown on card,"₹1,67,121 INR",4,#,2
3-Night Bahamian Cruise from Port Canaveral,None,Guaranteed with Restrictions,3,Port Canaveral,"Nassau, Bahamas | Disney Castaway Cay",Not shown on card,"₹1,68,575 INR",56,#,2
4-Night Bahamian Cruise from Fort Lauderdale,Halloween on the High Seas,Guaranteed with Restrictions,4,Fort Lauderdale,"Nassau, Bahamas | Disney Lookout Cay at Lighthouse Point",Not shown on card,"₹1,69,726 INR",4,#,2
4-Night Western Caribbean Cruise from Galveston,None,None,4,Galveston,"Progreso, Mexico",Not shown on card,"₹1,74,663 INR",13,#,2
4-Night Bahamian Cruise from Fort Lauderdale,Halloween on the High Seas,Guaranteed with Restrictions,4,Fort Lauderdale,Disney Lookout Cay at Lighthouse Point | Disney Castaway Cay,Not shown on card,"₹1,75,328 INR",2,#,2
3-Night Bahamian Cruise from Fort Lauderdale,Halloween on the High Seas,None,3,Fort Lauderdale,"Disney Lookout Cay at Lighthouse Point | Nassau, Bahamas",Not shown on card,"₹1,77,817 INR",4,#,2
4-Night Bahamian Cruise from Fort Lauderdale,Very Merrytime,Guaranteed with Restrictions,4,Fort Lauderdale,Disney Lookout Cay at Lighthouse Point | Disney Castaway Cay,Not shown on card,"₹1,78,410 INR",8,#,2
4-Night Bahamian Cruise from Fort Lauderdale,None,Guaranteed with Restrictions,4,Fort Lauderdale,"Disney Lookout Cay at Lighthouse Point | Nassau, Bahamas",Not shown on card,"₹1,80,514 INR",22,#,2
5-Night Mexican Riviera Cruise from San Diego,Very Merrytime,Guaranteed with Restrictions,5,San Diego,"Cabo San Lucas, Mexico | Ensenada, Mexico",Not shown on card,"₹1,81,570 INR",2,#,2
3-Night Bahamian Cruise from Port Canaveral,Very Merrytime,Guaranteed with Restrictions,3,Port Canaveral,"Nassau, Bahamas | Disney Castaway Cay",Not shown on card,"₹1,81,868 INR",13,#,2
4-Night Bahamian Cruise from Fort Lauderdale,None,Guaranteed with Restrictions,4,Fort Lauderdale,Disney Castaway Cay | Disney Lookout Cay at Lighthouse Point,Not shown on card,"₹1,82,263 INR",15,#,2
4-Night Baja Cruise from San Diego,Halloween on the High Seas,None,4,San Diego,"Catalina Island, California | Ensenada, Mexico",Not shown on card,"₹1,83,856 INR",5,#,2
3-Night Bahamian Cruise from Port Canaveral,Halloween on the High Seas,Guaranteed with Restrictions,3,Port Canaveral,"Nassau, Bahamas | Disney Castaway Cay",Not shown on card,"₹1,88,151 INR",12,#,3
6-Night Mexican Riviera Cruise from San Diego,Very Merrytime,Guaranteed with Restrictions,6,San Diego,"Ensenada, Mexico | Cabo San Lucas, Mexico",Not shown on card,"₹1,91,973 INR",1,#,3
4-Night Bahamian Cruise from Port Canaveral,Halloween on the High Seas,Guaranteed with Restrictions,4,Port Canaveral,Disney Castaway Cay | Disney Lookout Cay at Lighthouse Point,Not shown on card,"₹1,92,331 INR",15,#,3
5-Night Western Caribbean Cruise from Galveston,Very Merrytime,Guaranteed with Restrictions,5,Galveston,"Cozumel, Mexico | Progreso, Mexico",Not shown on card,"₹1,94,603 INR",9,#,3
6-Night Mexican Riviera Cruise from San Diego,Halloween on the High Seas,Guaranteed with Restrictions,6,San Diego,"Cabo San Lucas, Mexico | Ensenada, Mexico",Not shown on card,"₹1,95,441 INR",4,#,3
3-Night Bahamian Cruise from Fort Lauderdale,Halloween on the High Seas,None,3,Fort Lauderdale,Disney Lookout Cay at Lighthouse Point,Not shown on card,"₹1,99,931 INR",1,#,3
3-Night Bahamian Cruise from Port Canaveral,None,None,3,Port Canaveral,Disney Castaway Cay,Not shown on card,"₹2,00,528 INR",6,#,3
4-Night Bahamian Cruise from Port Canaveral,None,Guaranteed with Restrictions,4,Port Canaveral,"Nassau, Bahamas | Disney Castaway Cay",Not shown on card,"₹2,01,124 INR",36,#,3
4-Night Western Caribbean Cruise from Galveston,Marvel Days at Sea,None,4,Galveston,"Progreso, Mexico",Not shown on card,"₹2,03,062 INR",3,#,3
4-Night Bahamian Cruise from Fort Lauderdale,None,None,4,Fort Lauderdale,"Disney Castaway Cay | Nassau, Bahamas",Not shown on card,"₹2,10,340 INR",16,#,3
4-Night Bahamian Cruise from Port Canaveral,Very Merrytime,Guaranteed with Restrictions,4,Port Canaveral,Disney Castaway Cay | Disney Lookout Cay at Lighthouse Point,Not shown on card,"₹2,11,596 INR",14,#,3
4-Night Bahamian Cruise from Port Canaveral,Very Merrytime,Guaranteed with Restrictions,4,Port Canaveral,"Nassau, Bahamas | Disney Castaway Cay",Not shown on card,"₹2,13,453 INR",4,#,3
5-Night Baja Cruise from San Diego,None,None,5,San Diego,"Catalina Island, California | Ensenada, Mexico",Not shown on card,"₹2,13,993 INR",4,#,3
4-Night Bahamian Cruise from Fort Lauderdale,Halloween on the High Seas,Guaranteed with Restrictions,4,Fort Lauderdale,"Nassau, Bahamas | Disney Castaway Cay",Not shown on card,"₹2,14,397 INR",1,#,3
5-Night Baja Cruise from San Diego,Very Merrytime,None,5,San Diego,"Catalina Island, California | Ensenada, Mexico",Not shown on card,"₹2,17,570 INR",2,#,3
5-Night Western Caribbean Cruise from Galveston,None,None,5,Galveston,"Cozumel, Mexico | Progreso, Mexico",Not shown on card,"₹2,19,589 INR",14,#,3
4-Night Bahamian Cruise from Port Canaveral,None,None,4,Port Canaveral,"Nassau, Bahamas | Disney Lookout Cay at Lighthouse Point",Not shown on card,"₹2,19,611 INR",15,#,3
5-Night Mexican Riviera Cruise from San Diego,None,None,5,San Diego,"Cabo San Lucas, Mexico | Ensenada, Mexico",Not shown on card,"₹2,19,990 INR",2,#,3
5-Night Western Caribbean Cruise from Galveston,Marvel Days at Sea,None,5,Galveston,"Cozumel, Mexico | Progreso, Mexico",Not shown on card,"₹2,21,683 INR",5,#,3
5-Night Baja Cruise from San Diego,Halloween on the High Seas,None,5,San Diego,"Catalina Island, California | Ensenada, Mexico",Not shown on card,"₹2,23,625 INR",1,#,3
4-Night Bahamian Cruise from Port Canaveral,Halloween on the High Seas,Guaranteed with Restrictions,4,Port Canaveral,"Nassau, Bahamas | Disney Castaway Cay",Not shown on card,"₹2,25,910 INR",2,#,3
3-Night Bahamian Cruise from Port Canaveral,Very Merrytime,Guaranteed with Restrictions,3,Port Canaveral,Disney Castaway Cay,Not shown on card,"₹2,25,958 INR",3,#,3
5-Night Western Caribbean Cruise from Galveston,None,None,5,Galveston,"Progreso, Mexico",Not shown on card,"₹2,28,605 INR",1,#,3
5-Night Bahamian Cruise from Port Canaveral,Halloween on the High Seas,Guaranteed with Restrictions,5,Port Canaveral,"Disney Castaway Cay | Disney Lookout Cay at Lighthouse Point | Nassau, Bahamas",Not shown on card,"₹2,35,044 INR",9,#,3
5-Night Bahamian Cruise from Port Canaveral,None,Guaranteed with Restrictions,5,Port Canaveral,"Disney Castaway Cay | Nassau, Bahamas | Disney Lookout Cay at Lighthouse Point",Not shown on card,"₹2,35,044 INR",36,#,3
3-Night Bahamian Cruise from Fort Lauderdale,None,None,3,Fort Lauderdale,Disney Castaway Cay,Not shown on card,"₹2,37,498 INR",1,#,4
4-Night Bahamian Cruise from Fort Lauderdale,Very Merrytime,Guaranteed with Restrictions,4,Fort Lauderdale,"Nassau, Bahamas | Disney Castaway Cay",Not shown on card,"₹2,40,598 INR",1,#,4
4-Night Bahamian Cruise from Fort Lauderdale,Very Merrytime,Guaranteed with Restrictions,4,Fort Lauderdale,"Disney Lookout Cay at Lighthouse Point | Nassau, Bahamas",Not shown on card,"₹2,41,392 INR",4,#,4
5-Night Western Caribbean Cruise from Fort Lauderdale,None,Guaranteed with Restrictions,5,Fort Lauderdale,"Disney Castaway Cay | Cozumel, Mexico",Not shown on card,"₹2,42,031 INR",16,#,4
7-Night Mexican Riviera Cruise from San Diego,Halloween on the High Seas,Guaranteed with Restrictions,7,San Diego,"Ensenada, Mexico | Cabo San Lucas, Mexico | Puerto Vallarta, Mexico",Not shown on card,"₹2,43,415 INR",2,#,4
5-Night Western Caribbean Cruise from Fort Lauderdale,Halloween on the High Seas,Guaranteed with Restrictions,5,Fort Lauderdale,"Cozumel, Mexico | Disney Castaway Cay",Not shown on card,"₹2,43,950 INR",4,#,4
4-Night Bahamian Cruise from Port Canaveral,None,Guaranteed with Restrictions,4,Port Canaveral,Disney Lookout Cay at Lighthouse Point | Disney Castaway Cay,Not shown on card,"₹2,45,289 INR",31,#,4
4-Night Eastern Caribbean Cruise from Fort Lauderdale ending in San Juan,One-Way Cruise,None,4,Fort Lauderdale,"Disney Castaway Cay | Disney Lookout Cay at Lighthouse Point | San Juan, Puerto Rico",Not shown on card,"₹2,48,913 INR",1,#,4
6-Night Mexican Riviera Cruise from San Diego,None,None,6,San Diego,"Cabo San Lucas, Mexico | Ensenada, Mexico",Not shown on card,"₹2,50,978 INR",2,#,4
4-Night Eastern Caribbean Cruise from San Juan ending in Port Canaveral,One-Way Cruise,None,4,San Juan,"Disney Lookout Cay at Lighthouse Point | Disney Castaway Cay | Port Canaveral, Florida",Not shown on card,"₹2,52,554 INR",2,#,4
5-Night Western Caribbean Cruise from Port Canaveral,Very Merrytime,Guaranteed with Restrictions,5,Port Canaveral,"Disney Castaway Cay | Cozumel, Mexico",Not shown on card,"₹2,58,563 INR",6,#,4
5-Night Bahamian Cruise from Port Canaveral,Very Merrytime,Guaranteed with Restrictions,5,Port Canaveral,"Disney Castaway Cay | Disney Lookout Cay at Lighthouse Point | Nassau, Bahamas",Not shown on card,"₹2,59,125 INR",4,#,4
5-Night Eastern Caribbean Cruise from Port Canaveral ending San Juan,Very Merrytime | One-Way Cruise,None,5,Port Canaveral,"Disney Castaway Cay | Disney Lookout Cay at Lighthouse Point | St. Thomas, U.S. Virgin Islands | San Juan, Puerto Rico",Not shown on card,"₹2,60,454 INR",1,#,4
5-Night Eastern Caribbean Cruise from San Juan ending in Fort Lauderdale,Very Merrytime | One-Way Cruise,None,5,San Juan,"St. Thomas, U.S. Virgin Islands | Disney Lookout Cay at Lighthouse Point | Disney Castaway Cay | Fort Lauderdale, Florida",Not shown on card,"₹2,61,622 INR",1,#,4
5-Night Bahamian Cruise from Fort Lauderdale,None,Guaranteed with Restrictions,5,Fort Lauderdale,"Nassau, Bahamas | Disney Lookout Cay at Lighthouse Point | Disney Castaway Cay",Not shown on card,"₹2,64,385 INR",15,#,4
5-Night Bahamian Cruise from Fort Lauderdale,Very Merrytime,Guaranteed with Restrictions,5,Fort Lauderdale,"Disney Lookout Cay at Lighthouse Point | Disney Castaway Cay | Nassau, Bahamas",Not shown on card,"₹2,71,127 INR",4,#,4
5-Night Western Caribbean Cruise from Port Canaveral,None,None,5,Port Canaveral,"Disney Castaway Cay | Cozumel, Mexico",Not shown on card,"₹2,72,595 INR",5,#,4
5-Night Western Caribbean from Port Canaveral,Pixar Days at Sea,None,5,Port Canaveral,"Disney Castaway Cay | Cozumel, Mexico",Not shown on card,"₹2,88,905 INR",1,#,4
3-Night Bahamian Cruise from Fort Lauderdale,None,None,3,Fort Lauderdale,"Disney Castaway Cay | Nassau, Bahamas",Not shown on card,"₹2,91,639 INR",1,#,4
7-Night Bahamian Cruise from Galveston,None,None,7,Galveston,Disney Lookout Cay at Lighthouse Point | Disney Castaway Cay,Not shown on card,"₹2,97,888 INR",2,#,4
7-Night Mexican Riviera Cruise from San Diego,None,None,7,San Diego,"Ensenada, Mexico | Cabo San Lucas, Mexico | Mazatlán, Mexico",Not shown on card,"₹2,98,806 INR",1,#,4
7-Night Mexican Riviera Cruise from San Diego,None,None,7,San Diego,"Ensenada, Mexico | Cabo San Lucas, Mexico | Puerto Vallarta, Mexico",Not shown on card,"₹2,98,871 INR",6,#,4
4-Night Bahamian Cruise from Port Canaveral,Very Merrytime,None,4,Port Canaveral,"Nassau, Bahamas | Disney Lookout Cay at Lighthouse Point",Not shown on card,"₹3,01,088 INR",1,#,4
5-Night Western Caribbean Cruise from Port Canaveral,Halloween on the High Seas,None,5,Port Canaveral,"Disney Castaway Cay | Cozumel, Mexico",Not shown on card,"₹3,02,872 INR",1,#,4
7-Night Bahamian Cruise from Galveston,Marvel Days at Sea,None,7,Galveston,"Nassau, Bahamas | Disney Castaway Cay",Not shown on card,"₹3,03,013 INR",2,#,4
3-Night Bahamian Cruise from Fort Lauderdale,Very Merrytime,None,3,Fort Lauderdale,Disney Lookout Cay at Lighthouse Point,Not shown on card,"₹3,03,836 INR",1,#,5
7-Night Eastern Caribbean Cruise from Fort Lauderdale,None,Guaranteed with Restrictions,7,Fort Lauderdale,"Disney Lookout Cay at Lighthouse Point | San Juan, Puerto Rico | Tortola, British Virgin Islands",Not shown on card,"₹3,06,554 INR",2,#,5
7-Night Mexican Riviera Cruise from San Diego,Very Merrytime,None,7,San Diego,"Ensenada, Mexico | Cabo San Lucas, Mexico | Puerto Vallarta, Mexico",Not shown on card,"₹3,07,276 INR",2,#,5
5-Night Bahamian Cruise from Port Canaveral,Pixar Days at Sea,None,5,Port Canaveral,Disney Castaway Cay | Disney Lookout Cay at Lighthouse Point,Not shown on card,"₹3,09,290 INR",1,#,5
6-Night Eastern Caribbean Cruise from San Juan ending in Port Canaveral,One-Way Cruise,None,6,San Juan,"Philipsburg, St. Maarten | St. Thomas, U.S. Virgin Islands | Disney Lookout Cay at Lighthouse Point | Disney Castaway Cay | Port Canaveral, Florida",Not shown on card,"₹3,10,711 INR",1,#,5
6-Night Bahamian Cruise from Fort Lauderdale,None,None,6,Fort Lauderdale,"Disney Lookout Cay at Lighthouse Point | Disney Castaway Cay | Disney Lookout Cay at Lighthouse Point | Nassau, Bahamas",Not shown on card,"₹3,12,896 INR",1,#,5
6-Night Eastern Caribbean Cruise from Fort Lauderdale,None,None,6,Fort Lauderdale,"Disney Castaway Cay | Disney Lookout Cay at Lighthouse Point | Puerto Plata, Dominican Republic",Not shown on card,"₹3,14,921 INR",4,#,5
6-Night Eastern Caribbean Cruise from Fort Lauderdale ending San Juan,One-Way Cruise,None,6,Fort Lauderdale,"Disney Castaway Cay | Disney Lookout Cay at Lighthouse Point | St. Thomas, U.S. Virgin Islands | Philipsburg, St. Maarten | San Juan, Puerto Rico",Not shown on card,"₹3,17,741 INR",1,#,5
5-Night Bahamian Cruise from Port Canaveral,Pixar Days at Sea,None,5,Port Canaveral,"Nassau, Bahamas | Disney Castaway Cay | Disney Lookout Cay at Lighthouse Point",Not shown on card,"₹3,20,485 INR",7,#,5
3-Night Belgium Cruise from Southampton,None,None,3,Southampton,"Zeebrugge (Brussels), Belgium",Not shown on card,"₹3,22,690 INR",1,#,5
3-Night Northern Europe Cruise from Southampton,None,None,3,Southampton,"Rotterdam (Amsterdam), Netherlands",Not shown on card,"₹3,23,927 INR",1,#,5
7-Night Alaskan Cruise from Vancouver,None,None,7,Vancouver,"Glacier Viewing (Stikine Icecap), Alaska | Skagway, Alaska | Icy Strait Point, Alaska | Ketchikan, Alaska",Not shown on card,"₹3,27,058 INR",16,#,5
5-Night Bahamian Cruise from Fort Lauderdale,Halloween on the High Seas,None,5,Fort Lauderdale,"Nassau, Bahamas | Disney Castaway Cay | Disney Lookout Cay at Lighthouse Point",Not shown on card,"₹3,29,755 INR",3,#,5
7-Night Western Caribbean Cruise from Port Canaveral,Halloween on the High Seas,Guaranteed with Restrictions,7,Port Canaveral,"Cozumel, Mexico | George Town, Grand Cayman | Falmouth, Jamaica | Disney Castaway Cay",Not shown on card,"₹3,31,344 INR",6,#,5
7-Night Western Caribbean Cruise from Fort Lauderdale,Halloween on the High Seas,Guaranteed with Restrictions,7,Fort Lauderdale,"Disney Lookout Cay at Lighthouse Point | Falmouth, Jamaica | George Town, Grand Cayman | Cozumel, Mexico",Not shown on card,"₹3,40,798 INR",1,#,5
7-Night Western Caribbean Cruise from Port Canaveral,None,Guaranteed with Restrictions,7,Port Canaveral,"Cozumel, Mexico | George Town, Grand Cayman | Falmouth, Jamaica | Disney Castaway Cay",Not shown on card,"₹3,41,154 INR",27,#,5
5-Night Bahamian Cruise from Port Canaveral,Very Merrytime,None,5,Port Canaveral,"Nassau, Bahamas | Disney Lookout Cay at Lighthouse Point",Not shown on card,"₹3,41,622 INR",1,#,5
5-Night Bahamian Cruise from Port Canaveral with 2 Stops at Castaway Cay,2 Stops at Castaway Cay,None,5,Port Canaveral,Disney Castaway Cay | Disney Lookout Cay at Lighthouse Point | Disney Castaway Cay,Not shown on card,"₹3,42,487 INR",4,#,5
5-Night Bahamian Cruise from Fort Lauderdale,Very Merrytime,Guaranteed with Restrictions,5,Fort Lauderdale,"Nassau, Bahamas | Disney Castaway Cay",Not shown on card,"₹3,47,134 INR",1,#,5
7-Night Western Caribbean Cruise from Port Canaveral,Very Merrytime,Guaranteed with Restrictions,7,Port Canaveral,"Cozumel, Mexico | George Town, Grand Cayman | Falmouth, Jamaica | Disney Castaway Cay",Not shown on card,"₹3,47,527 INR",6,#,5
7-Night Eastern Caribbean Cruise from Port Canaveral,Halloween on the High Seas,Guaranteed with Restrictions,7,Port Canaveral,"Tortola, British Virgin Islands | St. Thomas, U.S. Virgin Islands | Disney Castaway Cay",Not shown on card,"₹3,47,824 INR",5,#,6
5-Night Bahamian Cruise from Fort Lauderdale,None,None,5,Fort Lauderdale,Disney Castaway Cay | Disney Lookout Cay at Lighthouse Point,Not shown on card,"₹3,48,365 INR",2,#,6
4-Night Bahamian Cruise from Port Canaveral,Very Merrytime,Guaranteed with Restrictions,4,Port Canaveral,Disney Lookout Cay at Lighthouse Point,Not shown on card,"₹3,49,369 INR",1,#,6
5-Night Bermuda Cruise from New York ending in San Juan,Halloween on the High Seas | One-Way Cruise,None,5,New York,"King's Wharf, Bermuda | King's Wharf, Bermuda | San Juan, Puerto Rico",Not shown on card,"₹3,51,341 INR",1,#,6
7-Night Eastern Caribbean Cruise from Port Canaveral,None,Guaranteed with Restrictions,7,Port Canaveral,"Tortola, British Virgin Islands | San Juan, Puerto Rico | Disney Castaway Cay",Not shown on card,"₹3,51,365 INR",4,#,6
6-Night Alaskan Cruise from Vancouver,None,None,6,Vancouver,"Glacier Viewing (Stikine Icecap), Alaska | Icy Strait Point, Alaska | Ketchikan, Alaska",Not shown on card,"₹3,55,736 INR",1,#,6
7-Night Bahamian Cruise from Galveston,None,Guaranteed with Restrictions,7,Galveston,"Nassau, Bahamas | Disney Castaway Cay",Not shown on card,"₹3,58,304 INR",3,#,6
7-Night Eastern Caribbean Cruise from Fort Lauderdale,Very Merrytime,Guaranteed with Restrictions,7,Fort Lauderdale,"Disney Lookout Cay at Lighthouse Point | San Juan, Puerto Rico | Puerto Plata, Dominican Republic | Disney Castaway Cay",Not shown on card,"₹3,59,323 INR",1,#,6
7-Night Eastern Caribbean Cruise from Fort Lauderdale,None,None,7,Fort Lauderdale,"Disney Lookout Cay at Lighthouse Point | St. Thomas, U.S. Virgin Islands | Philipsburg, St. Maarten",Not shown on card,"₹3,59,623 INR",2,#,6
7-Night Eastern Caribbean Cruise from Port Canaveral,None,Guaranteed with Restrictions,7,Port Canaveral,"Tortola, British Virgin Islands | St. Thomas, U.S. Virgin Islands | Disney Castaway Cay",Not shown on card,"₹3,60,001 INR",25,#,6
4-Night Spain Cruise from Southampton,None,None,4,Southampton,"Bilbao, Spain",Not shown on card,"₹3,62,203 INR",1,#,6
7-Night Eastern Caribbean Cruise from Fort Lauderdale,Halloween on the High Seas,Guaranteed with Restrictions,7,Fort Lauderdale,"Disney Lookout Cay at Lighthouse Point | Disney Castaway Cay | San Juan, Puerto Rico | Puerto Plata, Dominican Republic",Not shown on card,"₹3,64,717 INR",1,#,6
7-Night Alaskan Cruise from Vancouver,None,None,7,Vancouver,"Glacier Viewing (Stikine Icecap), Alaska | Skagway, Alaska | Juneau, Alaska | Ketchikan, Alaska",Not shown on card,"₹3,67,503 INR",19,#,6
7-Night Mexican Riviera Cruise from San Diego,Very Merrytime,Guaranteed with Restrictions,7,San Diego,"Mazatlán, Mexico | Cabo San Lucas, Mexico | Ensenada, Mexico",Not shown on card,"₹3,68,599 INR",1,#,6
7-Night Eastern Caribbean Cruise from Port Canaveral,Very Merrytime,Guaranteed with Restrictions,7,Port Canaveral,"St. Thomas, U.S. Virgin Islands | Tortola, British Virgin Islands | Disney Castaway Cay",Not shown on card,"₹3,69,401 INR",4,#,6
7-Night Eastern Caribbean Cruise from Fort Lauderdale,None,None,7,Fort Lauderdale,"Disney Lookout Cay at Lighthouse Point | San Juan, Puerto Rico | St. Thomas, U.S. Virgin Islands | Disney Castaway Cay",Not shown on card,"₹3,71,843 INR",1,#,6
7-Night Eastern Caribbean Cruise from Fort Lauderdale,None,None,7,Fort Lauderdale,"Disney Lookout Cay at Lighthouse Point | San Juan, Puerto Rico | Philipsburg, St. Maarten",Not shown on card,"₹3,71,892 INR",3,#,6
4-Night Spain Cruise from Southampton,None,None,4,Southampton,"La Coruña, Spain",Not shown on card,"₹3,76,007 INR",2,#,6
7-Night Eastern Caribbean Cruise from Fort Lauderdale,Very Merrytime,Guaranteed with Restrictions,7,Fort Lauderdale,"Disney Lookout Cay at Lighthouse Point | San Juan, Puerto Rico | Philipsburg, St. Maarten",Not shown on card,"₹3,82,208 INR",1,#,6
7-Night Bahamian Cruise from Fort Lauderdale with 2 stops at Castaway Cay,Very Merrytime,2 Stops at Castaway CayGuaranteed with Restrictions,7,Fort Lauderdale,"Disney Lookout Cay at Lighthouse Point | Disney Castaway Cay | Nassau, Bahamas | Disney Castaway Cay",Not shown on card,"₹3,86,288 INR",1,#,6
7-Night Southern Caribbean Cruise from San Juan,None,None,7,San Juan,"Bridgetown, Barbados | Castries, St. Lucia | Roseau, Dominica | St. John's, Antigua",Not shown on card,"₹4,01,716 INR",1,#,7
6-Night Western Caribbean Cruise from Port Canaveral,None,None,6,Port Canaveral,"Cozumel, Mexico | George Town, Grand Cayman | Disney Castaway Cay",Not shown on card,"₹4,03,032 INR",1,#,7
7-Night Southern Caribbean Cruise from San Juan,Very Merrytime,None,7,San Juan,"Oranjestad, Aruba | Willemstad, Curaçao | Roseau, Dominica | St. John's, Antigua",Not shown on card,"₹4,03,430 INR",1,#,7
6-Night Bahamian Cruise from Port Canaveral with 2 Stops at Castaway Cay,2 Stops at Castaway Cay,None,6,Port Canaveral,"Disney Castaway Cay | Disney Lookout Cay at Lighthouse Point | Nassau, Bahamas | Disney Castaway Cay",Not shown on card,"₹4,09,464 INR",1,#,7
6-Night Bahamian Cruise from Fort Lauderdale,Very Merrytime,2 Stops at Castaway CayGuaranteed with Restrictions,6,Fort Lauderdale,Disney Castaway Cay | Disney Lookout Cay at Lighthouse Point | Disney Castaway Cay,Not shown on card,"₹4,21,601 INR",1,#,7
5-Night Bermuda Cruise from New York,Halloween on the High Seas,None,5,New York,"King's Wharf, Bermuda | King's Wharf, Bermuda",Not shown on card,"₹4,25,770 INR",2,#,7
7-Night Eastern Caribbean Cruise from Fort Lauderdale,None,None,7,Fort Lauderdale,"Disney Lookout Cay at Lighthouse Point | San Juan, Puerto Rico | St. John's, Antigua",Not shown on card,"₹4,40,215 INR",2,#,7
7-Night Southern Caribbean Cruise from San Juan,None,None,7,San Juan,"Oranjestad, Aruba | Kralendijk, Bonaire | Willemstad, Curaçao | Philipsburg, St. Maarten",Not shown on card,"₹4,42,357 INR",1,#,7
5-Night Bahamian Cruise from Fort Lauderdale,Very Merrytime,None,5,Fort Lauderdale,"Nassau, Bahamas | Disney Lookout Cay at Lighthouse Point",Not shown on card,"₹4,71,997 INR",1,#,7
7-Night Southern Caribbean Cruise from San Juan,None,None,7,San Juan,"Oranjestad, Aruba | Kralendijk, Bonaire | Roseau, Dominica | Philipsburg, St. Maarten",Not shown on card,"₹4,74,875 INR",1,#,7
7-Night Eastern Caribbean Cruise from Fort Lauderdale,None,None,7,Fort Lauderdale,"Philipsburg, St. Maarten | San Juan, Puerto Rico | Disney Castaway Cay",Not shown on card,"₹4,75,615 INR",1,#,7
6-Night Bahamian Cruise from Fort Lauderdale with 2 Stops at Castaway Cay,Very Merrytime | 2 Stops at Castaway Cay,None,6,Fort Lauderdale,"Disney Lookout Cay at Lighthouse Point | Disney Castaway Cay | Nassau, Bahamas | Disney Castaway Cay",Not shown on card,"₹4,75,840 INR",1,#,7
14-Night Eastbound Panama Canal Cruise from San Diego ending in Galveston,None,One-Way CruiseGuaranteed with Restrictions,14,San Diego,"Cabo San Lucas, Mexico | Puerto Vallarta, Mexico | Panama Canal | Cartagena, Colombia | George Town, Grand Cayman | Galveston, Texas",Not shown on card,"₹4,77,221 INR",1,#,7
14-Night Westbound Panama Canal Cruise from Galveston ending in San Diego,One-Way Cruise,None,14,Galveston,"Cartagena, Colombia | Colón, Panama | Panama Canal | Cabo San Lucas, Mexico | Ensenada, Mexico | San Diego, California",Not shown on card,"₹4,87,586 INR",1,#,7
7-Night Bahamian Cruise from Galveston,Very Merrytime,None,7,Galveston,"Disney Lookout Cay at Lighthouse Point | Nassau, Bahamas",Not shown on card,"₹5,02,578 INR",1,#,7
5-Night Canada & New England Cruise from New York,Halloween on the High Seas,None,5,New York,"Saint John (New Brunswick), Canada | Boston, Massachusetts",Not shown on card,"₹5,10,554 INR",1,#,7
5-Night Spain Cruise from Southampton,None,None,5,Southampton,"La Coruña, Spain | Bilbao, Spain",Not shown on card,"₹5,12,421 INR",1,#,7
14-Night Eastbound Panama Canal Cruise from San Diego ending in Galveston,One-Way Cruise,None,14,San Diego,"Cabo San Lucas, Mexico | Puerto Vallarta, Mexico | Fuerte Amador (Panama City), Panama | Panama Canal | Cartagena, Colombia | Galveston, Texas",Not shown on card,"₹5,20,256 INR",1,#,7
8-Night Alaskan Cruise from Vancouver,None,None,8,Vancouver,"Glacier Viewing (Stikine Icecap), Alaska | Skagway, Alaska | Icy Strait Point, Alaska | Sitka, Alaska | Ketchikan, Alaska",Not shown on card,"₹5,20,971 INR",1,#,7
6-Night Bermuda & Canada Cruise from New York,Halloween on the High Seas,None,6,New York,"King's Wharf, Bermuda | Halifax (Nova Scotia), Canada",Not shown on card,"₹5,21,373 INR",1,#,7
5-Night Spain Cruise from Southampton,None,None,5,Southampton,"Vigo, Spain | La Coruña, Spain",Not shown on card,"₹5,23,252 INR",1,#,8
7-Night Mexican Riviera Cruise from San Diego,Very Merrytime,None,7,San Diego,"Cabo San Lucas, Mexico | Puerto Vallarta, Mexico | Mazatlán, Mexico",Not shown on card,"₹5,26,396 INR",1,#,8
7-Night Western Caribbean Cruise from Fort Lauderdale,None,None,7,Fort Lauderdale,"George Town, Grand Cayman | Falmouth, Jamaica | Disney Lookout Cay at Lighthouse Point | Nassau, Bahamas",Not shown on card,"₹5,31,160 INR",1,#,8
7-Night Eastern Caribbean Cruise from Fort Lauderdale,None,None,7,Fort Lauderdale,"Disney Lookout Cay at Lighthouse Point | Disney Castaway Cay | Puerto Plata, Dominican Republic | Nassau, Bahamas",Not shown on card,"₹5,33,285 INR",1,#,8
5-Night Bahamian Cruise from Fort Lauderdale,Very Merrytime,None,5,Fort Lauderdale,Disney Lookout Cay at Lighthouse Point | Disney Castaway Cay,Not shown on card,"₹5,44,692 INR",1,#,8
8-Night Eastern Caribbean Cruise from Fort Lauderdale,None,None,8,Fort Lauderdale,"Disney Lookout Cay at Lighthouse Point | San Juan, Puerto Rico | St. John's, Antigua | Philipsburg, St. Maarten",Not shown on card,"₹5,52,937 INR",1,#,8
7-Night Mexican Riviera Cruise from San Diego,None,None,7,San Diego,"Mazatlán, Mexico | Puerto Vallarta, Mexico",Not shown on card,"₹5,53,642 INR",1,#,8
7-Night Eastern Caribbean Cruise from Port Canaveral,None,None,7,Port Canaveral,"Philipsburg, St. Maarten | St. Thomas, U.S. Virgin Islands | Disney Castaway Cay",Not shown on card,"₹5,60,755 INR",1,#,8
7-Night Western Caribbean Cruise from Fort Lauderdale,None,None,7,Fort Lauderdale,"Disney Lookout Cay at Lighthouse Point | Falmouth, Jamaica | George Town, Grand Cayman | Cozumel, Mexico",Not shown on card,"₹5,73,973 INR",1,#,8
14-Night Westbound Panama Canal Cruise from Galveston ending in San Diego,One-Way Cruise,None,14,Galveston,"Cozumel, Mexico | Cartagena, Colombia | Panama Canal | Cabo San Lucas, Mexico | Ensenada, Mexico | San Diego, California",Not shown on card,"₹5,79,980 INR",1,#,8
6-Night Western Europe Cruise from Barcelona ending in Southampton,One-Way Cruise,None,6,Barcelona,"Gibraltar | Lisbon, Portugal | Vigo, Spain | Southampton, England",Not shown on card,"₹5,81,777 INR",1,#,8
7-Night Eastern Caribbean Cruise from Fort Lauderdale,Very Merrytime,None,7,Fort Lauderdale,"Disney Lookout Cay at Lighthouse Point | Tortola, British Virgin Islands | Philipsburg, St. Maarten",Not shown on card,"₹6,19,288 INR",1,#,8
7-Night Mediterranean Cruise from Barcelona,None,None,7,Barcelona,"Palma de Mallorca, Spain | Naples (Pompeii), Italy | Civitavecchia (Rome), Italy | Livorno (Florence, Pisa), Italy",Not shown on card,"₹6,22,873 INR",2,#,8
7-Night Mediterranean Cruise from Barcelona,None,None,7,Barcelona,"Naples (Pompeii), Italy | Civitavecchia (Rome), Italy | Livorno (Florence, Pisa), Italy | Genoa (Milan), Italy",Not shown on card,"₹6,23,010 INR",1,#,8
7-Night British Isles Cruise from Southampton,None,None,7,Southampton,"Greenock (Glasgow & Edinburgh), Scotland | Liverpool, England | Belfast, Northern Ireland | Portland (Stonehenge), England",Not shown on card,"₹6,25,622 INR",1,#,8
8-Night Bermuda Cruise from Fort Lauderdale,None,None,8,Fort Lauderdale,"King's Wharf, Bermuda | King's Wharf, Bermuda | Disney Lookout Cay at Lighthouse Point | Disney Castaway Cay",Not shown on card,"₹6,36,143 INR",1,#,8
7-Night Eastern Caribbean Cruise from Fort Lauderdale,None,None,7,Fort Lauderdale,"Disney Castaway Cay | Disney Lookout Cay at Lighthouse Point | San Juan, Puerto Rico | Puerto Plata, Dominican Republic",Not shown on card,"₹6,41,216 INR",2,#,8
7-Night Eastern Caribbean Cruise from Port Canaveral,Very Merrytime,None,7,Port Canaveral,"Tortola, British Virgin Islands | San Juan, Puerto Rico | Disney Castaway Cay",Not shown on card,"₹6,50,711 INR",1,#,8
7-Night Northern Europe Cruise from Southampton,None,None,7,Southampton,"Rotterdam (Amsterdam), Netherlands | Kristiansand, Norway | Copenhagen, Denmark | Skagen, Denmark",Not shown on card,"₹6,68,736 INR",1,#,8
7-Night Western Caribbean Cruise from Port Canaveral,Very Merrytime,None,7,Port Canaveral,"Disney Castaway Cay | Disney Lookout Cay at Lighthouse Point | Cozumel, Mexico",Not shown on card,"₹7,10,146 INR",1,#,8
8-Night Mediterranean Cruise with Greek Isles from Civitavecchia (Rome),None,None,8,Civitavecchia (Rome),"Chania, Greece | Santorini, Greece | Rhodes, Greece | Mykonos, Greece | Naples (Pompeii), Italy",Not shown on card,"₹7,22,900 INR",1,#,9
7-Night Southern Caribbean Cruise from San Juan,None,None,7,San Juan,"Willemstad, Curaçao | Oranjestad, Aruba | St. John's, Antigua | Philipsburg, St. Maarten",Not shown on card,"₹7,45,919 INR",1,#,9
9-Night Mediterranean with Greek Isles Cruise from Barcelona ending in Civitavecchia (Rome),One-Way Cruise,None,9,Barcelona,"Valletta, Malta | Chania, Greece | Piraeus (Athens), Greece | Mykonos, Greece | Naples (Pompeii), Italy | Civitavecchia (Rome), Italy",Not shown on card,"₹7,49,695 INR",1,#,9
7-Night Norwegian Fjords Cruise from Southampton,None,None,7,Southampton,"Kristiansand, Norway | Olden, Norway | Alesund, Norway | Haugesund, Norway",Not shown on card,"₹7,59,303 INR",1,#,9
7-Night Norwegian Fjords Cruise from Southampton,None,None,7,Southampton,"Bergen, Norway | Hellesylt, Norway | Alesund, Norway | Stavanger, Norway",Not shown on card,"₹7,62,258 INR",1,#,9
7-Night Western Caribbean Cruise from Port Canaveral,None,None,7,Port Canaveral,"Disney Castaway Cay | Falmouth, Jamaica | George Town, Grand Cayman",Not shown on card,"₹7,72,155 INR",1,#,9
8-Night Eastern Caribbean Cruise from Port Canaveral,Very Merrytime,None,8,Port Canaveral,"Tortola, British Virgin Islands | St. Thomas, U.S. Virgin Islands | San Juan, Puerto Rico | Disney Castaway Cay",Not shown on card,"₹7,94,327 INR",1,#,9
8-Night Adriatic Sea and Greece Cruise from Civitavecchia (Rome),None,None,8,Civitavecchia (Rome),"Corfu, Greece | Trieste (Venice), Italy | Zadar, Croatia | Dubrovnik, Croatia",Not shown on card,"₹7,96,949 INR",1,#,9
10-Night Mediterranean with Greek Isles Cruise from Civitavecchia (Rome) ending in Barcelona,One-Way Cruise,None,10,Civitavecchia (Rome),"Piraeus (Athens), Greece | Mykonos, Greece | Rhodes, Greece | Chania, Greece | Messina (Sicily), Italy | Barcelona, Spain",Not shown on card,"₹7,97,132 INR",1,#,9
10-Night Southern Caribbean Cruise from Port Canaveral,None,None,10,Port Canaveral,"Philipsburg, St. Maarten | Castries, St. Lucia | St. John's, Antigua | San Juan, Puerto Rico | Disney Lookout Cay at Lighthouse Point | Disney Castaway Cay",Not shown on card,"₹8,16,384 INR",1,#,9
4-Night Bermuda Cruise from New York,None,None,4,New York,"King's Wharf, Bermuda",Not shown on card,"₹24,83,273 INR",1,#,9
