id,title,ship,departing_from,destination,duration,nights,itinerary,date_range,weekday_range,interior_price,oceanview_price,balcony_price,suite_price,available_dates_count,is_holiday_cruise,holiday_theme,booking_url,bonuses,image_url
DC-001,3-Night Bahamian Cruise from Port Canaveral,Disney Wish,"Port Canaveral, Florida",Bahamas,3 Nights,3,"Port Canaveral, Florida -> Disney Castaway Cay -> Port Canaveral, Florida","Nov 06, 2026 - Nov 09, 2026",Fri - Mon,1750,1950,2082,3890,56,False,None,https://disneycruise.disney.go.com/cruises-destinations/list/#3-night-bahamian-port-canaveral-wish,"Exclusive Disney Castaway Cay beach games, fireworks at sea, rotational dining included.",https://images.unsplash.com/photo-1548574505-5e239809ee19?auto=format&fit=crop&w=800&q=80
DC-002,4-Night Bahamian Cruise from Port Canaveral,Disney Wish,"Port Canaveral, Florida",Bahamas,4 Nights,4,"Port Canaveral, Florida -> Nassau, Bahamas -> Disney Castaway Cay -> Port Canaveral, Florida","Nov 09, 2026 - Nov 13, 2026",Mon - Fri,1890,2088,2340,4200,36,False,None,https://disneycruise.disney.go.com/cruises-destinations/list/#4-night-bahamian-port-canaveral-wish,"Nassau port excursions, Disney pirate night, complimentary youth clubs.",https://images.unsplash.com/photo-1507525428034-b723cf961d3e?auto=format&fit=crop&w=800&q=80
DC-003,3-Night Very Merrytime Bahamian Cruise from Port Canaveral,Disney Fantasy,"Port Canaveral, Florida",Bahamas,3 Nights,3,"Port Canaveral, Florida -> Disney Castaway Cay -> Port Canaveral, Florida","Dec 11, 2026 - Dec 14, 2026",Fri - Mon,1864,2120,2480,4550,8,True,Very Merrytime,https://disneycruise.disney.go.com/cruises-destinations/list/#3-night-merrytime-bahamian-fantasy,"Tree lighting ceremony, Mickey & Minnie holiday attire, Santa meet & greet, holiday feast.",https://images.unsplash.com/photo-1512389142860-9c449e58a543?auto=format&fit=crop&w=800&q=80
DC-004,5-Night Western Caribbean Cruise from Miami,Disney Magic,"Miami, Florida",Caribbean,5 Nights,5,"Miami, Florida -> Cozumel, Mexico -> Disney Castaway Cay -> Miami, Florida","Jan 15, 2027 - Jan 20, 2027",Fri - Wed,2250,2550,2980,5400,12,False,None,https://disneycruise.disney.go.com/cruises-destinations/list/#5-night-western-caribbean-magic-miami,"Cozumel Mayan ruins access, Broadway-caliber Tangled: The Musical, Castaway Cay 5K walk.",https://images.unsplash.com/photo-1506929562872-bb421503ef21?auto=format&fit=crop&w=800&q=80
DC-005,4-Night Halloween on the High Seas Bahamian Cruise from Miami,Disney Dream,"Miami, Florida",Bahamas,4 Nights,4,"Miami, Florida -> Disney Lookout Cay at Lighthouse Point -> Disney Castaway Cay -> Miami, Florida","Oct 22, 2026 - Oct 26, 2026",Thu - Mon,2100,2400,2790,4900,6,True,Halloween on the High Seas,https://disneycruise.disney.go.com/cruises-destinations/list/#4-night-halloween-dream-miami,"Mickeys Mouse-querade costume party, pumpkin tree reveal, spooky ghost stories under the stars.",https://images.unsplash.com/photo-1508873696983-2df5293cb32f?auto=format&fit=crop&w=800&q=80
DC-006,7-Night Western Europe Cruise from Southampton (London),Disney Dream,"Southampton (London), England",Europe,7 Nights,7,"Southampton (London), England -> Vigo, Spain -> Lisbon, Portugal -> La Rochelle, France -> Southampton, England","Jul 18, 2027 - Jul 25, 2027",Sun - Sun,3450,3950,4680,7890,4,False,None,https://disneycruise.disney.go.com/cruises-destinations/list/#7-night-western-europe-southampton,"Bordeaux wine excursions, historic Lisbon tram tours, deck parties facing Atlantic cliffs.",https://images.unsplash.com/photo-1513635269975-59663e0ac1ad?auto=format&fit=crop&w=800&q=80
DC-007,7-Night British Isles Cruise from Southampton (London),Disney Dream,"Southampton (London), England",Europe,7 Nights,7,"Southampton (London), England -> Greenock (Glasgow), Scotland -> Liverpool, England -> Ringaskiddy (Cork), Ireland -> Southampton, England","Aug 08, 2027 - Aug 15, 2027",Sun - Sun,3680,4200,4950,8400,3,False,None,https://disneycruise.disney.go.com/cruises-destinations/list/#7-night-british-isles-southampton,"Loch Ness day excursion, Beatles Liverpool landmark tour, Irish folklore evening in Cork.",https://images.unsplash.com/photo-1486299267070-83823f5448dd?auto=format&fit=crop&w=800&q=80
DC-008,13-Night South Pacific Cruise from Honolulu to Sydney,Disney Wonder,"Honolulu, Hawaii",Pacific,13 Nights,13,"Honolulu, Hawaii -> Kahului, Maui -> Pago Pago, American Samoa -> Suva, Fiji -> Noumea, New Caledonia -> Sydney, Australia","Oct 14, 2026 - Oct 27, 2026",Wed - Tue,4890,5650,6750,11800,1,False,None,https://disneycruise.disney.go.com/cruises-destinations/list/#13-night-south-pacific-wonder,"International Date Line crossing ceremony, Polynesian culture night, snorkel Fijian coral reefs.",https://images.unsplash.com/photo-1507525428034-b723cf961d3e?auto=format&fit=crop&w=800&q=80
DC-009,14-Night South Pacific Transpacific Cruise from Sydney to Honolulu,Disney Wonder,"Sydney, Australia",Pacific,14 Nights,14,"Sydney, Australia -> Noumea, New Caledonia -> Mystery Island, Vanuatu -> Lautoka, Fiji -> Pago Pago, American Samoa -> Honolulu, Hawaii","Feb 16, 2027 - Mar 02, 2027",Tue - Tue,5100,5980,7150,12400,1,False,None,https://disneycruise.disney.go.com/cruises-destinations/list/#14-night-sydney-honolulu-pacific,"Great Barrier reef pre-cruise add-on, South Pacific stargazing session, private island access.",https://images.unsplash.com/photo-1506973035872-a4ec16b8e8d9?auto=format&fit=crop&w=800&q=80
DC-010,7-Night Pacific Coast Cruise from San Diego to Vancouver,Disney Wonder,"San Diego, California",Pacific,7 Nights,7,"San Diego, California -> San Francisco, California -> Victoria, British Columbia -> Vancouver, Canada","May 04, 2027 - May 11, 2027",Tue - Tue,2850,3280,3890,6500,3,False,None,https://disneycruise.disney.go.com/cruises-destinations/list/#7-night-pacific-coast-wonder,"Golden Gate Bridge sunset sail, Victoria Butchart Gardens excursion, Pixar at Sea event.",https://images.unsplash.com/photo-1501594907352-04cda38ebc29?auto=format&fit=crop&w=800&q=80
DC-011,10-Night Hawaiian Islands Cruise from Vancouver to Honolulu,Disney Wonder,"Vancouver, Canada",Pacific,10 Nights,10,"Vancouver, Canada -> Hilo, Hawaii -> Kahului, Maui -> Nawiliwili, Kauai -> Honolulu, Oahu","Sep 24, 2027 - Oct 04, 2027",Fri - Mon,4150,4750,5600,9900,2,False,None,https://disneycruise.disney.go.com/cruises-destinations/list/#10-night-hawaiian-pacific-wonder,"Volcanoes National park tour, authentic luau dinner on deck, ukulele lessons.",https://images.unsplash.com/photo-1542259009-5599b100777f?auto=format&fit=crop&w=800&q=80
DC-012,7-Night Alaskan Cruise from Vancouver,Disney Wonder,"Vancouver, Canada",Alaska,7 Nights,7,"Vancouver, Canada -> Stikine Icecap -> Skagway, Alaska -> Juneau, Alaska -> Ketchikan, Alaska -> Vancouver, Canada","Jun 14, 2027 - Jun 21, 2027",Mon - Mon,3290,3850,4650,8200,14,False,None,https://disneycruise.disney.go.com/cruises-destinations/list/#7-night-alaska-vancouver-wonder,"Glacier viewing deck, sled dog puppy encounters, Frozen deck celebration party.",https://images.unsplash.com/photo-1464822759023-fed622ff2c3b?auto=format&fit=crop&w=800&q=80
DC-013,4-Night Singapore to Penang & Phuket Cruise,Disney Adventure,Singapore,Asia,4 Nights,4,"Singapore -> George Town, Penang -> Phuket, Thailand -> Singapore","Dec 18, 2026 - Dec 22, 2026",Fri - Tue,2450,2890,3350,5800,24,True,Very Merrytime,https://disneycruise.disney.go.com/cruises-destinations/list/#4-night-singapore-adventure,"Seven themed distinct zones, Disney Imagination Garden shows, Marvel Landing roller coaster.",https://images.unsplash.com/photo-1525625293386-3f8f99389edd?auto=format&fit=crop&w=800&q=80
DC-014,5-Night New Year Bahamian Cruise from Miami,Disney Magic,"Miami, Florida",Bahamas,5 Nights,5,"Miami, Florida -> Disney Castaway Cay -> Nassau, Bahamas -> Miami, Florida","Dec 30, 2026 - Jan 04, 2027",Wed - Mon,2950,3450,4100,7200,1,True,New Year Eve Celebration,https://disneycruise.disney.go.com/cruises-destinations/list/#5-night-new-year-magic-miami,"Midnight countdown party with champagne toast, gala dinner menu, custom New Year souvenirs.",https://images.unsplash.com/photo-1467810563316-b5476525c0f9?auto=format&fit=crop&w=800&q=80
DC-015,7-Night Mediterranean Cruise from Barcelona to Civitavecchia (Rome),Disney Fantasy,"Barcelona, Spain",Europe,7 Nights,7,"Barcelona, Spain -> Cannes, France -> Livorno (Florence/Pisa), Italy -> Naples, Italy -> Civitavecchia (Rome), Italy","May 22, 2027 - May 29, 2027",Sat - Sat,3780,4320,5100,8900,6,False,None,https://disneycruise.disney.go.com/cruises-destinations/list/#7-night-mediterranean-barcelona-rome,"Colosseum priority pass, Tuscan olive oil tasting tour, French Riviera yacht excursion.",https://images.unsplash.com/photo-1539037116277-4db20889f2d4?auto=format&fit=crop&w=800&q=80
DC-016,5-Night Baja California Pacific Cruise from San Diego,Disney Wonder,"San Diego, California",Pacific,5 Nights,5,"San Diego, California -> Cabo San Lucas, Mexico -> Ensenada, Mexico -> San Diego, California","Mar 15, 2027 - Mar 20, 2027",Mon - Sat,2390,2750,3190,5600,8,False,None,https://disneycruise.disney.go.com/cruises-destinations/list/#5-night-baja-pacific-wonder,"Whale watching in Cabo, Mexican culinary workshops, Fiesta deck party.",https://images.unsplash.com/photo-1518638150340-f706e86654de?auto=format&fit=crop&w=800&q=80
DC-017,7-Night Eastern Caribbean Halloween Cruise from Port Canaveral,Disney Treasure,"Port Canaveral, Florida",Caribbean,7 Nights,7,"Port Canaveral, Florida -> Tortola, British Virgin Islands -> St. Thomas, USVI -> Disney Castaway Cay -> Port Canaveral, Florida","Oct 17, 2026 - Oct 24, 2026",Sat - Sat,3200,3700,4350,7600,5,True,Halloween on the High Seas,https://disneycruise.disney.go.com/cruises-destinations/list/#7-night-halloween-treasure,"Plaza de Coco dinner theater, Haunted Mansion parlor cocktail lounge, Virgin Gorda baths tour.",https://images.unsplash.com/photo-1544551763-46a013bb70d5?auto=format&fit=crop&w=800&q=80
DC-018,3-Night Very Merrytime Bahamian Cruise from Miami,Disney Dream,"Miami, Florida",Bahamas,3 Nights,3,"Miami, Florida -> Disney Lookout Cay at Lighthouse Point -> Miami, Florida","Dec 04, 2026 - Dec 07, 2026",Fri - Mon,1790,2050,2390,4300,4,True,Very Merrytime,https://disneycruise.disney.go.com/cruises-destinations/list/#3-night-merrytime-dream-miami,"Gingerbread house display, festive character dance party, Bahamas Junkanoo celebration.",https://images.unsplash.com/photo-1543258103-a62bdc069871?auto=format&fit=crop&w=800&q=80
