id,company_name,company_description,sales_markets,primary_business_activity,categories,events,address,email,telephone,website,has_herbs_and_spices,has_physical_delivery_formats,delivery_formats,in_cognitive_mental_health,health_wellness_focus,ingredients_count,finished_products_count,logo_url
ING-001,Arla Foods Ingredients,"Together we discover and deliver powerful nutrition for a stronger tomorrow. Arla Foods Ingredients is a global leader in improving premium nutrition. Together with our customers, research partners, suppliers, NGOs and others, we discover and deliver...","Global, Europe, North America, Asia-Pacific, Latin America, Middle East",Manufacturer / Producer,"Proteins, Dairy Ingredients, Infant Nutrition, Sports Nutrition, Medical Foods","Fi Europe 2026, Vitafoods Europe 2026, SupplySide West 2026","Sønderhøj 10-12, 8260 Viby J, Denmark",ingredients@arlafoods.com,+45 89 38 10 00,https://www.arlafoodsingredients.com,False,True,"Powder, Hydrolysates, Micro-granules, Liquid Concentrates",True,"Cognitive & Mental Health, Muscle Recovery, Infant Brain Development",142,38,https://images.unsplash.com/photo-1584308666744-24d5c474f2ae?auto=format&fit=crop&w=300&q=80
ING-002,1Q Health GMBH,1Q Health Fast Track to Quality: From a product idea to the shelf - We bring your pharmaceutical product or food supplement to life with our full-service contract manufacturing solutions. We work closely with our customers to develop high-quality delivery forms.,"Europe, North America, DACH Region, Middle East",Contract Manufacturing / Formulator,"Nutraceuticals, Dietary Supplements, Functional Foods, Botanical Extracts","Vitafoods Europe 2026, CPhI Worldwide 2026, Biofach 2026","Am Technologiepark 1-5, 82229 Seefeld, Germany",info@1q-health.de,+49 8152 999 820,https://www.1q-health.de,True,True,"Hard Capsules, Softgels, Tablets, Effervescent Tablets, Sachets, Gummies",True,"Cognitive & Mental Health, Stress Relief, Sleep Support, Immunity",95,64,https://images.unsplash.com/photo-1587854692152-cbe660dbde88?auto=format&fit=crop&w=300&q=80
ING-003,LIPSA (Lipidos Santiga),"Lipidos Santiga (LIPSA) is a leading company in the refining of vegetable oils and fats for the human food, animal feed, technical applications and biofuels sectors. Since our beginnings in 1973, we have constantly invested in sustainability and technology.","Global, Europe, North Africa, Latin America, Middle East",Manufacturer / Refiner,"Lipids & Oils, Vegetable Fats, Biofuels, Specialty Fats, Emulsifiers","Fi Europe 2026, World Edible Oils Congress 2026, Gulfood 2026","Ctra. B-141, Km. 4,3, 08130 Santa Perpètua de Mogoda, Barcelona, Spain",contact@lipsa.es,+34 93 574 01 50,https://www.lipsa.es,False,True,"Bulk Liquid, Drums, Bag-in-Box, Pellets, Solid Blocks",False,"Heart Health, Plant-Based Nutrition, Clean Label Fats",78,12,https://images.unsplash.com/photo-1471193945509-9ad0617afabf?auto=format&fit=crop&w=300&q=80
ING-004,Naturex (Part of Givaudan),"Naturex is the global leader in specialty plant-based natural ingredients. Through its dedicated business units, the group produces natural colorings, natural antioxidants, specialty fruits & vegetable powders, and botanical extracts for health and nutrition.","Global, 100+ countries worldwide",Manufacturer / Botanical Extractor,"Herbs & Spices, Botanicals, Natural Colors, Functional Food Extracts, Phyto-actives","SupplySide West 2026, Fi Europe 2026, Vitafoods Europe 2026, IFT First 2026","250 Rue Michel de Montaigne, BP 1218, 84911 Avignon, France",contact-naturex@givaudan.com,+33 4 90 23 96 89,https://www.naturex.com,True,True,"Dry Powders, Liquid Extracts, Micro-encapsulated Granules, Oleoresins",True,"Cognitive & Mental Health, Memory & Focus, Joint Care, Natural Anti-stress",320,85,https://images.unsplash.com/photo-1540420773420-3366772f4999?auto=format&fit=crop&w=300&q=80
ING-005,Roquette Frères,"A global leader in plant-based ingredients and a pioneer of plant proteins. Roquette offers innovative food, nutrition and health solutions derived from corn, wheat, potatoes and peas, serving millions of people globally with sustainable nutrition.","Global, North America, Europe, Asia, Latin America",Manufacturer / Producer,"Plant Proteins, Starches, Polyols, Dietary Fibers, Pharmaceutical Excipients","Fi Global 2026, Vitafoods 2026, AACC International 2026","1 Rue de la Haute Loge, 62136 Lestrem, France",info@roquette.com,+33 3 21 63 36 00,https://www.roquette.com,False,True,"Micro-granules, Powders, Syrups, Direct Compression Granules",False,"Gut Health, Glucose Management, Oral Health, Sports Vitality",210,45,https://images.unsplash.com/photo-1576092768241-dec231879fc3?auto=format&fit=crop&w=300&q=80
ING-006,Martin Bauer Group,"Martin Bauer Group is the leading manufacturer and supplier of herbal and fruit infusions, medicinal teas, and botanical extracts. With more than 90 years of experience, we provide botanicals of certified quality and traceability from origin to finished formulation.","Global, 80+ countries",Herbal Extractor & Processor,"Herbs & Spices, Teas, Botanical Extracts, Flavors, Phytopharmaceuticals","Fi Europe 2026, Biofach 2026, SupplySide West 2026","Dutendorfer Str. 5-7, 91472 Vestenbergsgreuth, Germany",welcome@martin-bauer-group.com,+49 9163 88-0,https://www.martin-bauer.com,True,True,"Cut Herbs, Fine Cut, Standardized Powders, Fluid Extracts, Distillates",True,"Cognitive & Mental Health, Calm & Relaxation, Sleep Restoration",285,92,https://images.unsplash.com/photo-1544816155-12df9643f363?auto=format&fit=crop&w=300&q=80
ING-007,Gelita AG,"Gelita is the leading global manufacturer of collagen proteins and gelatines. Our Bioactive Collagen Peptides (BCP) are scientifically backed to stimulate the body cells to produce more collagen, supporting joints, skin, and active lifestyle nutrition.","Global, Europe, Americas, Asia-Pacific, Africa",Manufacturer / Bio-Protein Specialist,"Collagen Peptides, Gelatine, Functional Proteins, Sports Nutrition","Vitafoods Europe 2026, Fi Europe 2026, IFT First 2026","Uferstraße 7, 69412 Eberbach, Germany",service@gelita.com,+49 6271 84-01,https://www.gelita.com,False,True,"Powders, Agglomerated Granules, Hydrolysates, Gummy Matrix Base",False,"Joint Mobility, Beauty from Within, Bone Health, Active Aging",64,28,https://images.unsplash.com/photo-1512069772995-ec65ed45afd6?auto=format&fit=crop&w=300&q=80
ING-008,Kerry Group Flavours & Nutrition,"Kerry delivers sustainable nutrition technologies and taste solutions that create tasty, healthy, and authentic food & beverage products. Leading the industry with proactive health solutions like Wellmune beta-glucans and BC30 probiotics.","Global, 150+ countries",Taste & Nutrition Manufacturer,"Flavors & Seasonings, Herbs & Spices, Probiotics, Immune Health Actives, Bakery Mixes","Fi Europe 2026, Gulfood Manufacturing 2026, SupplySide West 2026","Princes Street, Tralee, Co. Kerry, V92 EH11, Ireland",tasteandnutrition@kerry.com,+353 66 718 2000,https://www.kerry.com,True,True,"Spray-dried Powders, Seasoning Blends, Emulsions, Syrups, Pastes",True,"Cognitive & Mental Health, Digestive Health, Immune Defense, Satiety",410,110,https://images.unsplash.com/photo-1509358271058-acd22cc93898?auto=format&fit=crop&w=300&q=80
ING-009,Indena S.p.A.,"Indena is the leading pharmaceutical and nutraceutical company dedicated to the identification, development and production of high-quality active principles derived from plants, for use in the pharmaceutical and health food industries.","Global, 70+ countries",Phyto-Pharmaceutical Manufacturer,"Herbs & Spices, Phytosomes, Botanical Actives, Standardized Extracts","CPhI Worldwide 2026, Vitafoods Europe 2026, SupplySide West 2026","Viale Ortles 12, 20139 Milano, Italy",communication@indena.com,+39 02 574961,https://www.indena.com,True,True,"Phytosome Phospholipidic Powders, Standardized Granules, Softgel Fill Oils",True,"Cognitive & Mental Health, Nootropics, Cardiovascular Health, Eye Health",188,52,https://images.unsplash.com/photo-1532187863486-abf9dbad1b69?auto=format&fit=crop&w=300&q=80
ING-010,Nexira Natural Ingredients,"Nexira is a global leader in natural and organic ingredients and botanical extracts for food, nutrition, and dietary supplements. Nexira is the world leader in acacia gum and offers an extensive range of functional and nutritional botanicals.","Global, Europe, North America, Asia, South America",Natural Botanical Manufacturer,"Acacia Gum, Dietary Fibers, Botanicals, Prebiotics, Weight Management Actives","Fi Europe 2026, Biofach 2026, Vitafoods 2026","129 Chemin de Croisset, CS 94151, 76723 Rouen Cedex 3, France",info@nexira.com,+33 2 32 83 18 18,https://www.nexira.com,True,True,"Instantized Soluble Powder, Granulated Gum, Spray-dried Extracts",False,"Microbiome & Gut Health, Weight Management, Antioxidant Support",115,34,https://images.unsplash.com/photo-1546069901-ba9599a7e63c?auto=format&fit=crop&w=300&q=80
